{
  "project_info": {
    "project_number": "645119665224",
    "firebase_url": "https://aula-1005-default-rtdb.firebaseio.com",
    "project_id": "aula-1005",
    "storage_bucket": "aula-1005.appspot.com"
  },
  "client": [
    {
      "client_info": {
        "mobilesdk_app_id": "1:645119665224:android:b6bc5bec78e867fae6647d",
        "android_client_info": {
          "package_name": "a165910.ft.unicamp.br"
        }
      },
      "oauth_client": [
        {
          "client_id": "645119665224-7m2c6ruu5aerevm9dgvr30ni2vjcki1q.apps.googleusercontent.com",
          "client_type": 3
        }
      ],
      "api_key": [
        {
          "current_key": "AIzaSyBuI_tRXC1rg_ZPfvKkYmug7_G1kIrs66I"
        }
      ],
      "services": {
        "appinvite_service": {
          "other_platform_oauth_client": [
            {
              "client_id": "645119665224-7m2c6ruu5aerevm9dgvr30ni2vjcki1q.apps.googleusercontent.com",
              "client_type": 3
            }
          ]
        }
      }
    }
  ],
  "configuration_version": "1"
}